{
  "properties": {
    "connectionReferences": {
      "shared_webcontents_1": {
        "runtimeSource": "invoker",
        "connection": {
          "connectionReferenceLogicalName": "new_sharedwebcontents_ccbc1"
        },
        "api": {
          "name": "shared_webcontents"
        }
      }
    },
    "definition": {
      "$schema": "https://schema.management.azure.com/providers/Microsoft.Logic/schemas/2016-06-01/workflowdefinition.json#",
      "contentVersion": "1.0.0.0",
      "parameters": {
        "$connections": {
          "defaultValue": {},
          "type": "Object"
        },
        "$authentication": {
          "defaultValue": {},
          "type": "SecureObject"
        }
      },
      "triggers": {
        "manual": {
          "metadata": {
            "operationMetadataId": "4c366ecc-c8a7-4fe0-a3ca-01203a78d9d6"
          },
          "type": "Request",
          "kind": "Button",
          "inputs": {
            "schema": {
              "type": "object",
              "properties": {},
              "required": []
            }
          }
        }
      },
      "actions": {
        "CSV_テーブルの作成": {
          "runAfter": {
            "HTTP_要求を呼び出します": [
              "Succeeded"
            ]
          },
          "metadata": {
            "operationMetadataId": "e8a92f9c-da1e-498e-be57-83715f8c0bcd"
          },
          "type": "Table",
          "inputs": {
            "from": "@body('HTTP_要求を呼び出します')?['value']",
            "format": "CSV"
          },
          "description": "body('HTTP_要求を呼び出します')?['value']"
        },
        "HTTP_要求を呼び出します": {
          "runAfter": {},
          "metadata": {
            "operationMetadataId": "7b986527-6e74-45eb-9db6-748e6cbd777a"
          },
          "type": "OpenApiConnection",
          "inputs": {
            "host": {
              "connectionName": "shared_webcontents_1",
              "operationId": "InvokeHttp",
              "apiId": "/providers/Microsoft.PowerApps/apis/shared_webcontents"
            },
            "parameters": {
              "request/method": "GET",
              "request/url": "https://orgb37ad5ca.crm7.dynamics.com/api/data/v9.2/ya_myitems",
              "request/headers": {
                "Accept": "application/json"
              }
            },
            "authentication": {
              "type": "Raw",
              "value": "@json(decodeBase64(triggerOutputs().headers['X-MS-APIM-Tokens']))['$ConnectionKey']"
            }
          }
        }
      }
    },
    "templateName": ""
  },
  "schemaVersion": "1.0.0.0"
}