ya_name,ya_parentitemid,utcconversiontimezonecode,importsequencenumber,statuscode,timezoneruleversionnumber,versionnumber,statecode,owningbusinessunit
白鳥璃音,e228247d-33db-ed11-a7c7-6045bd63d558,,,アクティブ,,1578572,アクティブ,8770b332-3acb-ed11-a7c7-002248e789d5
豊田未来,305e5c76-33db-ed11-a7c7-6045bd63d558,,,アクティブ,,1578564,アクティブ,8770b332-3acb-ed11-a7c7-002248e789d5
大関晶,e2b53670-33db-ed11-a7c7-6045bd63d558,,,アクティブ,,1578556,アクティブ,8770b332-3acb-ed11-a7c7-002248e789d5
秋本紫乃,29ffe366-33db-ed11-a7c7-6045bd63d558,,,アクティブ,,1578548,アクティブ,8770b332-3acb-ed11-a7c7-002248e789d5
武田麻由,26ffe366-33db-ed11-a7c7-6045bd63d558,,,アクティブ,,1578540,アクティブ,8770b332-3acb-ed11-a7c7-002248e789d5
